,start_station_name,value
0,1 Ave & E 110 St,5385
1,1 Ave & E 16 St,16918
2,1 Ave & E 18 St,17832
3,1 Ave & E 30 St,11364
4,1 Ave & E 39 St,13119
5,1 Ave & E 44 St,7712
6,1 Ave & E 6 St,14812
7,1 Ave & E 62 St,17094
8,1 Ave & E 68 St,26146
9,1 Ave & E 78 St,17461
10,1 Ave & E 94 St,4992
11,1 Pl & Clinton St,3563
12,1 St & 6 Ave,3106
13,10 Ave & W 14 St,18404
14,10 Ave & W 202 St,213
15,10 Ave & W 204 St,272
16,10 Ave & W 207 St,687
17,10 Ave & W 215 St,349
18,10 Ave & W 28 St,16885
19,10 St & 2 Ave,1784
20,10 St & 5 Ave,3118
21,10 St & 7 Ave,5615
22,11 Ave & Prospect Ave,2137
23,11 Ave & W 27 St,14594
24,11 Ave & W 41 St,21731
25,11 Ave & W 59 St,11750
26,11 St & 43 Ave,1250
27,12 Ave & 36 St,755
28,12 Ave & W 125 St,6052
29,12 Ave & W 40 St,22604
30,12 St & 4 Ave,2554
31,14 St & 5 Ave,4101
32,14 St & 7 Ave,4273
33,16th St & 4th Ave,1381
34,17 St & 5 Ave,3017
35,18 St & 27 Ave,2410
36,19 St & 24 Ave,2415
37,19 St & 8 Ave,557
38,2 Av & 37 St,272
39,2 Ave & 32 St,436
40,2 Ave & 36 St,873
41,2 Ave & 39 St,123
42,2 Ave & 43 St,5
43,2 Ave & 44 St,8
44,2 Ave & E 104 St,3989
45,2 Ave & E 122 St,2307
46,2 Ave & E 125 St,2659
47,2 Ave & E 29 St,16902
48,2 Ave & E 31 St,14916
49,2 Ave & E 55 St,5473
50,2 Ave & E 72 St,15009
51,2 Ave & E 96 St,8456
52,2 Ave & E 99 St,3855
53,20 Ave & 21 St,540
54,20 Ave & 31 St,502
55,20 Ave & 33 St,59
56,20 Ave & 38 St,1696
57,20 Ave & 42 St,584
58,20 Ave & 48 St,551
59,20 Ave & Shore Blvd,514
60,21 Ave & 80 St,413
61,21 Ave & Crescent St,2384
62,21 Ave & Shore Blvd,1017
63,21 St & 21 Ave,1369
64,21 St & 23 Ave,908
65,21 St & 31 Dr,2223
66,21 St & 36 Ave,1122
67,21 St & 38 Ave,746
68,21 St & 4 Ave,1987
69,21 St & 43 Ave,1703
70,21 St & Hoyt Ave S,2787
71,21 St & Queens Plaza North,3290
72,23 Ave & 27 St,1569
73,23 Rd & 31 St,716
74,23 St & 3 Ave,290
75,24 Ave & 26 St,1799
76,24 Ave & 29 St,1803
77,24 St & 38 Ave,1657
78,24 St & 41 Ave,2303
79,24 St & 5 Ave,1522
80,25 Ave & 41 St,2404
81,27 Ave & 3 St,842
82,27 Ave & 9 St,1699
83,27 St & Hunter St,4422
84,28 Ave & 35 St,1998
85,28 Ave & 44 St,1688
86,28 St & 36 Ave,2039
87,28 St & 41 Ave,4058
88,29 St & 5 Ave,627
89,3 Ave & 14 St,980
90,3 Ave & 17 St,510
91,3 Ave & Carroll St,1915
92,3 Ave & E 100 St,2392
93,3 Ave & E 112 St,2446
94,3 Ave & E 163 St,935
95,3 Ave & E 169 St,1726
96,3 Ave & E 170 St,1467
97,3 Ave & E 172 St,798
98,3 Ave & E 174 St,663
99,3 Ave & E 174 St - Bathgate Vaccination Site,134
100,3 Ave & E 62 St,10070
101,3 Ave & E 71 St,5402
102,3 Ave & E 72 St,4118
103,3 Ave & Franklin Ave,721
104,3 Ave & Schermerhorn St,4757
105,3 Ave & Wakeman Pl,491
106,3 St & 3 Ave,3106
107,3 St & 7 Ave,6135
108,3 St & Hoyt St,2048
109,3 St & Prospect Park West,7574
110,30 Ave & 12 St,660
111,30 Ave & 21 St,1634
112,30 Ave & 41 St,2164
113,30 Ave & 47 St,1312
114,30 St & 4 Ave,1045
115,30 St & 48 Ave,290
116,31 Ave & 14 St,1858
117,31 Ave & 30 St,2825
118,31 Ave & 34 St,3760
119,31 Ave & 57 St,584
120,31 Ave & 61 St,613
121,31 Ave & Crescent St,3391
122,31 Ave & Steinway St,3264
123,31 Pl & Hunters Point Ave,165
124,31 Rd & 21 St,1078
125,31 St & 21 Ave,1539
126,31 St & 23 Ave,5008
127,31 St & Astoria Blvd,1875
128,31 St & Broadway,5415
129,31 St & Ditmars Blvd,3989
130,31 St & Hoyt Ave N,2529
131,31 St & Newtown Ave,6071
132,31 St & Northern Blvd,2072
133,31 St & Thomson Ave,1806
134,33 St & 47 Ave,413
135,34 Ave & 13 St,839
136,34 Ave & 21 St,1461
137,34 Ave & 31 St,1692
138,34 Ave & 38 St,3147
139,34 Ave & 45 St,945
140,34 Ave & 48 St,1165
141,34 St & 35 Ave,2131
142,34 St & 38 Ave,1435
143,34 St & 4 Ave,857
144,34 St & 48 Ave,335
145,34 St & 5 Ave,469
146,34th Ave & Vernon Blvd,2149
147,35 Ave & 10 St,1896
148,35 Ave & 37 St,2476
149,35 St & 21 Ave,651
150,35 St & 23 Ave,1000
151,35 St & 30 Ave,2963
152,35 St & 34 Ave,1767
153,35 St & Broadway,2899
154,36 Ave & 10 St,1966
155,36 Ave & 31 St,3278
156,36 St & 3 Ave,1746
157,36 St & 4 Ave,2047
158,36 St & 47 Ave,243
159,36 St & Ditmars Blvd,1923
160,36 St & Hunters Point Ave,276
161,36 St & Queens Blvd,524
162,37 Ave & 35 St,1044
163,37 Ave & 63 St,98
164,37 St & 24 Ave,1212
165,38 Ave & 29 St,1792
166,38 St & 30 Ave,4105
167,38 St & Northern Blvd,943
168,39 Ave & 45 St,359
169,39 Ave & 54 St,134
170,39 Ave & 56 St,319
171,39 Dr & 52 St,324
172,39 St & 2 Ave,356
173,39 St & 47 Ave,465
174,39 St & 50 Ave,604
175,39 St & Queens Blvd,924
176,4 Ave & 17 St,1504
177,4 Ave & 26 St,1175
178,4 Ave & 3 St,3817
179,4 Ave & 9 St,4311
180,4 Ave & E 12 St,14618
181,4 Ave & Shore Road Dr,840
182,40 Ave & 9 St,1592
183,40 Ave & Crescent St,1834
184,40 St & Queens Blvd,519
185,41 Ave & 67 St,98
186,41 St & 3 Ave,200
187,41 St & 4 Ave,1056
188,42 Pl & Northern Blvd,694
189,42 St & 1 Ave,311
190,43 Ave & 40 St,573
191,43 Ave & 42 St,1064
192,43 Ave & 47 St,626
193,43 St & 23 Ave,593
194,43 St & 35 Ave,801
195,43 St & 37 Ave,1044
196,43 St & 50 Ave,592
197,43 St & Broadway,1813
198,43 St & Skillman Ave,945
199,44 Dr & Jackson Ave,6222
200,44 St & 2 Ave,237
201,44 St & 3 Ave,363
202,44 St & 48 Ave,725
203,44 St & 6 Ave,915
204,44 St & Greenpoint Ave,322
205,45 Ave & 21 St,4401
206,45 Rd & 11 St,3045
207,45 St & 4 Ave,1085
208,46 Ave & 5 St,7141
209,46 St & 25 Ave,909
210,46 St & 28 Ave,962
211,46 St & 30 Rd,880
212,46 St & 6 Ave,623
213,46 St & 7 Ave,888
214,46 St & Queens Blvd,776
215,47 Ave & 31 St,1621
216,47 Ave & 48 St,289
217,47 Ave & Skillman Ave,516
218,47 St & 3 Ave,320
219,48 Ave & 31 St,789
220,48 Ave & 37 St,375
221,48 Ave & 41 St,900
222,48 Ave & 5 St,2164
223,48 St & 2 Ave,246
224,48 St & 37 Ave,1570
225,48 St & 5 Ave,722
226,48 St & 50 Ave,453
227,48 St & Barnett Ave,339
228,48 St & Broadway,2140
229,48 St & Skillman Ave,643
230,49 Ave & 21 St,2141
231,49 St & 25 Ave,462
232,49 St & 31 Ave,1000
233,5 Av & W 139 St,2096
234,5 Ave & 3 St,6473
235,5 Ave & 37 St,869
236,5 Ave & 41 St,1567
237,5 Ave & 66 St,817
238,5 Ave & E 103 St,8108
239,5 Ave & E 135 St,1653
240,5 Ave & E 29 St,10572
241,5 Ave & E 63 St,7848
242,5 Ave & E 72 St,17530
243,5 Ave & E 78 St,11603
244,5 Ave & E 87 St,13937
245,5 Ave & E 93 St,9370
246,5 Ave & W 126 St,3011
247,5 Ave & W 131 St,2467
248,5 St & 51 Ave,1411
249,5 St & 6 Ave,2512
250,5 St & Market St,2064
251,50 St & 30 Ave,1013
252,50 St & 7 Ave,483
253,50 St & Barnett Ave,546
254,50 St & Northern Blvd,992
255,51 St & 43 Ave,626
256,51 St & Hobart St,984
257,51 St & Queens Blvd,187
258,52 St & 1 Ave,230
259,52 St & 6 Ave,312
260,53 St & 2 Ave,942
261,53 St & 4 Ave,1649
262,53 St & 5 Ave,545
263,53 St & Roosevelt Ave,277
264,54 St & 37 Ave,99
265,55 St & 5 Ave,325
266,55 St & 7 Ave,646
267,55 St & Northern Blvd,230
268,57 St & 1 Ave,426
269,57 St & 1 Ave - Brooklyn Army Terminal Vaccination Site,105
270,57 St & 37 Ave,61
271,57 St & 4 Ave,709
272,57 St & 43 Ave,235
273,58 St & 2 Ave,369
274,58 St & 2 Ave - Brooklyn Army Terminal Vaccination Site,150
275,58 St & 32 Ave,454
276,58 St & Pier 4,650
277,59 St & 4 Ave,910
278,59 St & 5 Ave,442
279,6 Ave & 12 St,3374
280,6 Ave & 21 St,3395
281,6 Ave & 55 St,297
282,6 Ave & 60 St,407
283,6 Ave & 9 St,5759
284,6 Ave & Broome St,11765
285,6 Ave & Canal St,6240
286,6 Ave & W 33 St,26751
287,6 Ave & W 34 St,22463
288,6 Ave & W 45 St,14989
289,6 Ave & Walker St,6281
290,6 St & 7 Ave,4001
291,60 St & 37 Ave,123
292,61 St & 39 Ave,482
293,61 St & Laurel Hill Blvd,95
294,61 St & Queens Blvd,171
295,61 St & Woodside Ave,360
296,62 St & 34 Ave,187
297,62 St & 4 Ave,320
298,62 St & 43 Ave,124
299,62 St & Northern Blvd,1584
300,63 St & 5 Ave,211
301,64 St & 3 Ave,91
302,65 Pl & Woodside Ave,117
303,65 St & 2 Ave,96
304,65 St & 35 Ave,206
305,65 St & Broadway,96
306,65 St & Roosevelt Ave,96
307,67 St & Erik Pl,547
308,67 St & Ridge Blvd,405
309,69 St & 43 Ave,106
310,7 Ave & 17 St,1121
311,7 Ave & 20 St,1540
312,7 Ave & 22 St,761
313,7 Ave & 40 St,907
314,7 Ave & 41 St,1587
315,7 Ave & 62 St,179
316,7 Ave & Central Park South,18951
317,7 Ave & Park Pl,8896
318,7 Ave S & Bleecker St,12062
319,7 St & 3 Ave,2600
320,7 St & 5 Ave,3342
321,72 St & 41 Ave,368
322,72 St & Woodside Ave,138
323,76 St & 21 Ave,490
324,8 Ave & W 16 St,19543
325,8 Ave & W 24 St,6518
326,8 Ave & W 27 St,8475
327,8 Ave & W 31 St,19231
328,8 Ave & W 33 St,21269
329,8 Ave & W 38 St,19714
330,8 Ave & W 49 St,13354
331,8 Ave & W 52 St,13960
332,8 St & Astoria Blvd,1704
333,9 Ave & W 18 St,14672
334,9 Ave & W 204 St,48
335,9 Ave & W 206 St,76
336,9 Ave & W 219 St,68
337,9 Ave & W 22 St,20907
338,9 Ave & W 39 St,874
339,9 Ave & W 45 St,17798
340,9 St & 44 Rd,1745
341,Academy St & Nagle Ave,429
342,Adam Clayton Powell Blvd & W 115 St,3196
343,Adam Clayton Powell Blvd & W 118 St,3973
344,Adam Clayton Powell Blvd & W 123 St,4269
345,Adam Clayton Powell Blvd & W 126 St,6088
346,Adam Clayton Powell Blvd & W 130 St,2544
347,Adam Clayton Powell Blvd & W 132 St,2792
348,Adam Clayton Powell Blvd & W 138 St,4038
349,Adam Clayton Powell Blvd & W 141 St,2394
350,Adam Clayton Powell Blvd & W 151 St,1843
351,Adams St & Prospect St,3180
352,Adelphi St & Myrtle Ave,6477
353,Albany Ave & Fulton St,2034
354,Albany Ave & Park Pl,45
355,Albany St & Greenwich St,7799
356,Albee Square W & Fulton St,1138
357,Albemarle Rd & McDonald Ave,845
358,Alexander Ave & E 134 St,886
359,Allen St & Hester St,12151
360,Allen St & Rivington St,14171
361,Allen St & Stanton St,14213
362,Amsterdam Ave & W 119 St,4161
363,Amsterdam Ave & W 125 St,3187
364,Amsterdam Ave & W 131 St,1081
365,Amsterdam Ave & W 136 St,1632
366,Amsterdam Ave & W 152 St,1393
367,Amsterdam Ave & W 156 St,1064
368,Amsterdam Ave & W 162 St,989
369,Amsterdam Ave & W 167 St,834
370,Amsterdam Ave & W 172 St,805
371,Amsterdam Ave & W 175 St,742
372,Amsterdam Ave & W 180 St,589
373,Amsterdam Ave & W 183 St,604
374,Amsterdam Ave & W 186 St,651
375,Amsterdam Ave & W 189 St,416
376,Amsterdam Ave & W 189 St new,13
377,Amsterdam Ave & W 66 St,7514
378,Amsterdam Ave & W 73 St,16652
379,Amsterdam Ave & W 79 St,14224
380,Amsterdam Ave & W 82 St,8872
381,Anderson Ave & W 164 St,646
382,Andrew Ave N & Hall of Fame Tce,226
383,Andrews Ave S & W 179 St,285
384,Anthony Ave & E 175 St,851
385,Anthony Ave & E Tremont Ave,1644
386,Aqueduct Ave & North St,289
387,Aqueduct Ave & W 190 St,378
388,Ashland Pl & Dekalb Ave,3101
389,Astoria Park S & Shore Blvd,3465
390,Atlantic Ave & Fort Greene Pl,6820
391,Atlantic Ave & Furman St,8583
392,Audobon Ave & W 179 St,698
393,Audubon Ave & Fort George Ave,185
394,Audubon Ave & W 192 St,629
395,Ave A & E 11 St,10389
396,Ave A & E 14 St,16635
397,Ave D & E 8 St,5404
398,Avenue C & E 18 St,4983
399,Avenue D & E 10 St,3870
400,Avenue D & E 12 St,2295
401,Avenue D & E 3 St,7666
402,Bailey Ave & Sedgwick Ave,230
403,Bailey Ave & W 193 St,212
404,Bainbridge Ave & Bedford Park Blvd,394
405,Bainbridge Ave & E 193 St,321
406,Bainbridge Ave & E 196 St,449
407,Bainbridge Ave & E 198 St,484
408,Bank St & Hudson St,7889
409,Bank St & Washington St,8580
410,Banker St & Meserole Ave,2815
411,Barclay St & Church St,3529
412,Barrow St & Hudson St,10741
413,Barry St & Tiffany St,158
414,Bay St & Court St,653
415,Bayard St & Baxter St,8958
416,Bayard St & Leonard St,4511
417,Beaver St & Fayette St,3413
418,Beck St & Leggett Ave,674
419,Bedford Ave & Bergen St,6434
420,Bedford Ave & Montgomery St,1840
421,Bedford Ave & Nassau Ave,8929
422,Bedford Ave & S 9 St,2635
423,Bedford Park Blvd & Paul Ave,444
424,Bergen Ave & E 152 St,752
425,Bergen St & 4 Ave,5163
426,Bergen St & Buffalo Ave,26
427,Bergen St & Flatbush Ave,6578
428,Bergen St & Kingston Ave,120
429,Bergen St & Saratoga Ave,9
430,Bergen St & Smith St,7964
431,Bergen St & Troy Ave,28
432,Bergen St & Vanderbilt Ave,9040
433,Berkeley Pl & 6 Ave,3376
434,Berkeley Pl & 7 Ave,8049
435,Berry St & N 8 St,10550
436,Bialystoker Pl & Delancey St,4796
437,Bleecker St & Crosby St,14824
438,Boerum Pl	& Pacific St,27
439,Boerum Pl\t& Pacific St,4311
440,Boerum St & Broadway,3878
441,Bond St & Bergen St,3749
442,Bond St & Fulton St,3205
443,Boone Ave & E 172 St,637
444,Borden Ave & Review Ave,276
445,Boston Rd & E 167 St,1046
446,Boston Rd & Prospect Ave,926
447,Botanical Sq & Webster Ave,775
448,Bradhurst Ave & W 148 St,1699
449,Bradley Ave & Greenpoint Ave,329
450,Brevoort Pl & Bedford Ave,181
451,Bridge St & Water St,3972
452,Bridge St & York St,1418
453,Broad St & Bridge St,5108
454,Broad St & Water St,35
455,Broadway	& W 48 St,378
456,Broadway & 12 St,1632
457,Broadway & 49 St,423
458,Broadway & 51 St,857
459,Broadway & Battery Pl,7883
460,Broadway & Berry St,11284
461,Broadway & E 14 St,24921
462,Broadway & E 19 St,12098
463,Broadway & E 21 St,23935
464,Broadway & Ellwood St,695
465,Broadway & Furman Ave,574
466,Broadway & Hancock St,1911
467,Broadway & Kosciuszko St,3073
468,Broadway & Madison St,2895
469,Broadway & Morris St,5336
470,Broadway & Moylan Pl,3123
471,Broadway & Roebling St,5628
472,Broadway & W 122 St,2736
473,Broadway & W 131 St,2274
474,Broadway & W 133 St,2229
475,Broadway & W 138 St,472
476,Broadway & W 142 St,1581
477,Broadway & W 153 St,833
478,Broadway & W 155 St,1941
479,Broadway & W 160 St,2121
480,Broadway & W 165 St,1030
481,Broadway & W 168 St,2236
482,Broadway & W 185 St,1264
483,Broadway & W 192 St,1075
484,Broadway & W 220 St,905
485,Broadway & W 25 St,24689
486,Broadway & W 29 St,18554
487,Broadway & W 36 St,8320
488,Broadway & W 37 St,5318
489,Broadway & W 38 St,13848
490,Broadway & W 41 St,17461
491,Broadway & W 48 St,2262
492,Broadway & W 51 St,12842
493,Broadway & W 53 St,12215
494,Broadway & W 56 St,13452
495,Broadway & W 58 St,28580
496,Broadway & W 61 St,13643
497,Broadway & Whipple St,3524
498,Broadway and Berry St,176
499,Broadway\t& W 48 St,12075
500,Bronx Shore Comfort Station,998
501,Brook Ave & E 138 St,1031
502,Brook Ave & E 141 St,695
503,Brook Ave & E 148 St,805
504,Brook Ave & E 157 St,877
505,Brooklyn Ave & Dean St,36
506,Brooklyn Ave & Prospect Pl,177
507,Brooklyn Bridge Park - Pier 2,4895
508,Bruckner Blvd & Bryant Ave,845
509,Buchanan Pl & Grand Ave,289
510,Buffalo Ave & St Johns Pl,7
511,Bulova Ave & Brooklyn Queens Expressway W,765
512,Bus Slip & State St,5478
513,Bushwick Ave & Dekalb Ave,2054
514,Bushwick Ave & Forrest St,2120
515,Bushwick Ave & Furman Ave,662
516,Bushwick Ave & Harman St,2539
517,Bushwick Ave & Linden St,1867
518,Bushwick Ave & McKibbin St,1698
519,Bushwick Ave & Powers St,3831
520,Bushwick Ave & Stagg St,1392
521,Butler St & Court St,3034
522,Cabrini Blvd & W 177 St,752
523,Cadman Plaza E & Red Cross Pl,4632
524,Cadman Plaza E & Tillary St,4685
525,Calyer St & Guernsey St,2702
526,Calyer St & Jewel St,2611
527,Cambridge Pl & Gates Ave,3910
528,Canal St & Rutgers St,16150
529,Carlton Ave & Dean St,5553
530,Carlton Ave & Flushing Ave,2716
531,Carlton Ave & Park Ave,2014
532,Carlton Ave & St Marks Ave,883
533,Carmine St & 6 Ave,13686
534,Carroll St & 5 Ave,4937
535,Carroll St & 6 Ave,4386
536,Carroll St & Bond St,2661
537,Carroll St & Columbia St,3519
538,Carroll St & Franklin Ave,1474
539,Carroll St & Smith St,6534
540,Carroll St & Washington Ave,1564
541,Cathedral Pkwy & Broadway,7624
542,Catherine St & Monroe St,5409
543,Caton Ave & Argyle Rd,1576
544,Caton Ave & E 10 St,1106
545,Caton Ave & E 7 St,1070
546,Cauldwell Ave & E 158 St,585
547,Cauldwell Ave & E 161 St,743
548,Cedar Ave & W Fordham Rd,315
549,Cedar St & Evergreen Ave,1655
550,Cedar St & Myrtle Ave,2071
551,Center Blvd & 48 Ave,2674
552,Center Blvd & 51 Ave,5356
553,Central Ave & Covert St,1172
554,Central Ave & Decatur St,849
555,Central Ave & Flushing Ave,1814
556,Central Ave & Himrod St,1672
557,Central Ave & Melrose St,1756
558,Central Ave & Starr Street,2930
559,Central Ave & Weirfield St,1498
560,Central Ave & Woodbine St,2175
561,Central Park North & Adam Clayton Powell Blvd,13235
562,Central Park S & 6 Ave,22264
563,Central Park W & W 103 St,7267
564,Central Park W & W 91 St,12490
565,Central Park W & W 97 St,9675
566,Central Park West & W 68 St,15826
567,Central Park West & W 72 St,16521
568,Central Park West & W 76 St,9412
569,Central Park West & W 85 St,13151
570,Centre St & Chambers St,14778
571,Centre St & Seneca Ave,711
572,Centre St & Worth St,9238
573,Charlotte St & Boston Rd,393
574,Chauncey St & Howard Ave,178
575,Chauncey St & Malcolm X Blvd,217
576,Chauncey St & Stuyvesant Ave,307
577,Cherry St,4750
578,Chester Ave & 12 Ave,437
579,Christopher St & Greenwich St,16562
580,Church Ave & McDonald Ave,589
581,Church Ave & Story St,550
582,Church St & Thomas St,7
583,Church St & Worth St,1189
584,Clark St & Henry St,8114
585,Classon Ave & St Marks Ave,5384
586,Clay Ave & Claremont Pkwy,739
587,Clay Ave & E 173 St,554
588,Clermont Ave & Lafayette Ave,4892
589,Clermont Ave & Park Ave,3160
590,Cleveland Pl & Spring St,23020
591,Cliff St & Fulton St,7423
592,Clinton Ave & Flushing Ave,3328
593,Clinton Ave & Myrtle Ave,8399
594,Clinton St & 4 Place,2980
595,Clinton St & Centre St,871
596,Clinton St & Cherry St,7158
597,Clinton St & Grand St,18109
598,Clinton St & Joralemon St,6657
599,Clinton St & Tillary St,5187
600,Clinton St & Union St,4790
601,Coffey St & Conover St,1386
602,Coffey St & Ferris St,1608
603,College Ave & E 169 St,4
604,College Ave & E 170 St,561
605,Columbia Heights & Cranberry St,3778
606,Columbia St & Degraw St,2894
607,Columbia St & Kane St,2173
608,Columbia St & Lorraine St,410
609,Columbia St & Rivington St,5607
610,Columbia St & W 9 St,689
611,Columbus Ave & W 103 St,2944
612,Columbus Ave & W 72 St,17409
613,Columbus Ave & W 95 St,9629
614,Columbus Pl & Atlantic Ave,7
615,Commerce St & Van Brunt St,1388
616,Concord St & Bridge St,2655
617,Concourse Village East & E 158 St,1001
618,Concourse Village West & E 156 St,775
619,Congress St & Clinton St,5134
620,Congress St & Hicks St,2279
621,Convent Ave & W 135 St,2088
622,Convent Ave & W 151 St,924
623,Cooper Square & Astor Pl,13512
624,Court St & Nelson St,3399
625,Court St & State St,7888
626,Courtlandt Ave & E 149 St,1427
627,Courtlandt Ave & E 157 St,66
628,Crescent St & 30 Ave,4779
629,Crescent St & 34 Ave,3268
630,Crescent St & 35 Ave,2074
631,Crescent St & Broadway,4563
632,Crescent St & Ditmars Blvd,1527
633,Creston Ave & E 178 St,767
634,Creston Ave & E 181 St,595
635,Crotona Park East & E 173 St,409
636,Crotona Park North & Prospect Ave,556
637,Cumberland St & Lafayette Ave,4832
638,Cypress Ave & George St,526
639,Cypress Ave & Palmetto St,453
640,Dahill Rd & 12 Ave,826
641,Davidson Ave & W Burnside Ave,665
642,Dawson St & Intervale Ave,288
643,DeKalb Ave & Franklin Ave,4992
644,DeKalb Ave & Hudson Ave,6318
645,DeKalb Ave & S Portland Ave,6828
646,DeKalb Ave & Vanderbilt Ave,7058
647,Dean St & Franklin Ave,5571
648,Dean St & Hoyt St,4075
649,Decatur Ave & Bedford Park Blvd,308
650,Decatur Ave & E 197 St,157
651,Decatur Ave & Oliver Pl,129
652,Decatur St & Saratoga Ave,64
653,Degraw St & Hoyt St,2946
654,Degraw St & Smith St,3878
655,Delancey St & Eldridge St,5297
656,Devoe St & Lorimer St,5834
657,Devoe St & Morgan Ave,1951
658,Ditmars Blvd & 19 St,2119
659,Ditmars Blvd & 43 St,1775
660,Ditmars Blvd & 48 St,259
661,Ditmars Blvd & 73 St,438
662,Ditmars Blvd & 76 St,396
663,Ditmars Blvd & 79 St,777
664,Division Ave & Hooper St,2898
665,Division Ave & Marcy Ave,2068
666,Division St & Bowery,8553
667,Dock 72 Way & Market St,4266
668,Dock St & Front St,3815
669,Douglass St & 3 Ave,5362
670,Douglass St & 4 Ave,4742
671,Driggs Ave & Lorimer St,5055
672,Driggs Ave & N 9 St,9459
673,Driggs Ave & N Henry St,4978
674,Duane St & Hudson St,3569
675,Duffield St & Willoughby St,6248
676,Dwight St & Van Dyke St,813
677,Dyckman St & 10 Ave,424
678,Dyckman St & Henshaw St,932
679,Dyckman St & Staff St,1414
680,E 1 St & 1 Ave,16437
681,E 1 St & Bowery,2276
682,E 10 St & 2 Ave,11338
683,E 10 St & Avenue A,16017
684,E 102 St & 1 Ave,5504
685,E 102 St & Park Ave,2798
686,E 103 St & Lexington Ave,3912
687,E 106 St & 1 Ave,2934
688,E 106 St & 2 Ave,2877
689,E 106 St & Lexington Ave,3735
690,E 106 St & Madison Ave,4519
691,E 109 St & 3 Ave,123
692,E 11 St & 1 Ave,13216
693,E 11 St & 3 Ave,11225
694,E 11 St & Avenue B,10365
695,E 110 St & Madison Ave,773
696,E 114 St & 1 Ave,3552
697,E 115 St & Lexington Ave,3499
698,E 115 St & Madison Ave,2355
699,E 116 St & 2 Ave,2679
700,E 118 St & 1 Ave,4117
701,E 118 St & 3 Ave,2547
702,E 118 St & Madison Ave,3483
703,E 118 St & Park Ave,1019
704,E 12 St & 3 Ave,8744
705,E 12 St & Ave C,6538
706,E 123 St & Lexington Ave,2321
707,E 128 St & 3 Ave,307
708,E 128 St & Madison Ave,2083
709,E 13 St & 2 Ave,16555
710,E 13 St & Avenue A,10885
711,E 132 St & Madison Ave,1939
712,E 133 St & Cypress Pl,239
713,E 134 St & Walnut Ave,146
714,E 135 St & St Ann's Ave,645
715,E 138 St & 5 Av,1871
716,E 138 St & Canal St W,263
717,E 138 St & Cypress Ave,947
718,E 138 St & Grand Concourse,695
719,E 138 St & Park Ave,739
720,E 138 St & Willow Ave,489
721,E 14 St & 1 Ave,12054
722,E 14 St & Avenue B,12075
723,E 141 St & Jackson Ave,409
724,E 141 St & St Ann's Ave,776
725,E 142 St & 3 Ave,1141
726,E 144 St & Brook Ave,469
727,E 147 St & Bergen Ave,1032
728,E 149 St & Eagle Ave,838
729,E 149 St & Jackson Ave,1014
730,E 149 St & Morris Ave,1817
731,E 149 St & Park Ave,1238
732,E 15 St & 3 Ave,12050
733,E 150 St & Gerard Ave,749
734,E 153 St & E 157 St,634
735,E 155 St & Courtlandt Ave,410
736,E 156 & Brook Ave,1114
737,E 156 St & Courtlandt Ave,596
738,E 157 St & River Ave,962
739,E 158 St & Melrose Ave,931
740,E 16 St & 5 Ave,18383
741,E 16 St & Irving Pl,12991
742,E 160 St & Tinton Ave,450
743,E 161 St & Park Ave,1343
744,E 161 St & River Ave,3480
745,E 163 St & Tiffany St,402
746,E 163 St & Union Ave,948
747,E 165 St & Clay Ave,671
748,E 165 St & Fox St,335
749,E 165 St & Jerome Ave,201
750,E 167 St & Bryant Ave,452
751,E 167 St & Clay Ave,700
752,E 167 St & Franklin Ave,804
753,E 169 St & Fox St,315
754,E 169 St & Webster Ave,832
755,E 17 St & 2 Ave,3631
756,E 17 St & Broadway,14102
757,E 170 St & Clay Ave,1045
758,E 170 St & Sheridan Ave,1406
759,E 170 St & Webster Ave,1921
760,E 171 St & 3 Ave,1176
761,E 171 St & Webster Ave,569
762,E 174 St & Longfellow Ave,604
763,E 174 St & Walton Ave,485
764,E 182 St & Morris Ave,665
765,E 188 St & Creston Ave,840
766,E 19 St & 3 Ave,9518
767,E 2 St & 2 Ave,8589
768,E 2 St & Avenue A,12783
769,E 2 St & Avenue B,14826
770,E 2 St & Avenue C,12802
771,E 20 St & 2 Ave,13668
772,E 20 St & FDR Dr,12054
773,E 20 St & FDR Drive,850
774,E 20 St & Park Ave,13736
775,E 201 St & Briggs Ave,289
776,E 22 St & 2 Ave,11106
777,E 23 St & 1 Ave,13495
778,E 25 St & 1 Ave,9389
779,E 25 St & 2 Ave,14723
780,E 26 St & 3 Ave,9355
781,E 27 St & 1 Ave,13583
782,E 27 St & Park Ave S,10826
783,E 3 St & 1 Ave,7871
784,E 3 St & Church Ave,598
785,E 30 St & Park Ave S,12359
786,E 31 St & 3 Ave,13738
787,E 32 St & Park Ave,10701
788,E 33 St & 1 Ave,22823
789,E 33 St & 5 Ave,14596
790,E 35 St & Madison Ave,4500
791,E 39 St & 2 Ave,14544
792,E 39 St & Lexington Ave,11040
793,E 4 St & 2 Ave,12229
794,E 4 St & Ave B,6548
795,E 40 St & 5 Ave,8925
796,E 40 St & Park Ave,21391
797,E 41 St & Madison Ave (SE corner),10589
798,E 41 St & Madison Ave (SW corner),8810
799,E 43 St & 2 Ave,2350
800,E 44 St & 2 Ave,8558
801,E 44 St & Lexington Ave,13605
802,E 45 St & 3 Ave,6212
803,E 47 St & 1 Ave,6512
804,E 47 St & 2 Ave,10125
805,E 47 St & Park Ave,12176
806,E 48 St & 3 Ave,8349
807,E 48 St & 5 Ave,8778
808,E 5 St & Ave A,10018
809,E 5 St & Avenue C,7971
810,E 5 St & Cooper Sq,7112
811,E 50 St & Park Ave,4588
812,E 51 St & 1 Ave,7852
813,E 51 St & 2 Ave,8937
814,E 51 St & Lexington Ave,5814
815,E 53 St & 3 Ave,1778
816,E 53 St & Lexington Ave,11415
817,E 53 St & Madison Ave,9198
818,E 54 St & 1 Ave,8181
819,E 55 St & 2 Ave,9074
820,E 56 St & 3 Ave,7955
821,E 56 St & Madison Ave,7354
822,E 58 St & 1 Ave (NE Corner),4413
823,E 58 St & 1 Ave (NW Corner),8101
824,E 58 St & 3 Ave,10038
825,E 58 St & Madison Ave,5531
826,E 59 St & Madison Ave,8680
827,E 6 St & 2 Ave,6678
828,E 6 St & Avenue B,10806
829,E 6 St & Avenue D,9734
830,E 6 St 2 Ave,3
831,E 60 St & York Ave,4066
832,E 63 St & 3 Ave,7067
833,E 65 St & 2 Ave,6411
834,E 66 St & Madison Ave,4122
835,E 67 St & Park Ave,4631
836,E 68 St & 3 Ave,5954
837,E 68 St & Madison Ave,5039
838,E 7 St & Ave B,9060
839,E 7 St & Ave C,7830
840,E 7 St & Avenue A,13460
841,E 72 St & Park Ave,6262
842,E 72 St & York Ave,13968
843,E 74 St & 1 Ave,8727
844,E 75 St & 3 Ave,6494
845,E 76 St & Park Ave,6991
846,E 77 St & 3 Ave,7150
847,E 78 St & 2 Ave,5063
848,E 8 St & Caton Ave,760
849,E 80 St & 2 Ave,6274
850,E 81 St & 2 Ave,1129
851,E 81 St & 3 Ave,5013
852,E 81 St & Park Ave,4455
853,E 81 St & York Ave,7403
854,E 82 St & East End Ave,5084
855,E 84 St & 1 Ave,9592
856,E 84 St & Park Ave,6703
857,E 85 St & 3 Ave,14855
858,E 85 St & East End Ave,67
859,E 85 St & York Ave,5163
860,E 88 St & 1 Ave,8530
861,E 88 St & Park Ave,6454
862,E 89 St & 3 Ave,6664
863,E 89 St & York Ave,7398
864,E 9 St & 5 Ave,10357
865,E 9 St & Avenue C,9246
866,E 91 St & 2 Ave,9903
867,E 91 St & Park Ave,4588
868,E 92 St & Park Ave,1533
869,E 93 St & 2 Ave,5325
870,E 95 St & 3 Ave,3732
871,E 97 St & 3 Ave,2751
872,E 97 St & Madison Ave,6558
873,E 98 St & Park Ave,2747
874,E Burnside Ave & Ryer Ave,2008
875,E Fordham Rd & Webster Ave,2169
876,E Houston St & Columbia St,6276
877,E Mosholu Pkwy & E 204 St,242
878,E Mosholu Pkwy & Van Cortlandt Ave E,388
879,E Tremont Ave & E 176 St,1226
880,E Tremont Ave & Jerome Ave,545
881,East End Ave & E 86 St,3968
882,Eastern Pkwy & Franklin Ave,6673
883,Eastern Pkwy & Kingston Ave,155
884,Eastern Pkwy & Ralph Ave,31
885,Eastern Pkwy & Rochester Ave,50
886,Eastern Pkwy & Troy Ave,100
887,Eastern Pkwy & Washington Ave,4639
888,Edgecombe Ave & W 141 St,2920
889,Edgecombe Ave & W 145 St,2465
890,Edgecombe Ave & W 150 St,613
891,Edgecombe Ave & W 167 St,936
892,Eldert St & Bushwick Ave,946
893,Emerson Pl & Myrtle Ave,7188
894,Engert Ave & McGuinness Blvd,2564
895,Evergreen Ave & Noll St,2450
896,FDR Drive & E 35 St,12970
897,Faile St & Garrison Ave,180
898,Fairview Ave & Linden St,956
899,Featherbed Ln & Jerome Ave,277
900,Featherbed Ln & Nelson Ave,773
901,Flatbush Ave & Eastern Pkwy,940
902,Flatbush Ave & Ocean Ave,7635
903,Flushing Ave & Vanderbilt Ave,7002
904,Flushing Ave & Woodward Ave,1723
905,Folin St & E 181 St,2
906,Forest Ave & Summerfield St,2038
907,Forsyth St	& Grand St,92
908,Forsyth St & Broome St,7637
909,Forsyth St & Canal St,10375
910,Forsyth St & Grand St,2314
911,Forsyth St\t& Grand St,13301
912,Fort Washington Ave & W 173 St,1334
913,Fort Washington Ave & W 183 St,1111
914,Franklin Ave & E 169 St,1188
915,Franklin Ave & Myrtle Ave,2478
916,Franklin Ave & St Marks Ave,4645
917,Franklin St & Dupont St,8446
918,Franklin St & W Broadway,5318
919,Frederick Douglass Blvd & Harlem River Dr,650
920,Frederick Douglass Blvd & W 112 St,9730
921,Frederick Douglass Blvd & W 115 St,6294
922,Frederick Douglass Blvd & W 117 St,9838
923,Frederick Douglass Blvd & W 129 St,2180
924,Frederick Douglass Blvd & W 139 St,2022
925,Frederick Douglass Blvd & W 145 St,2127
926,Freeman St & Reverend James A Polite Ave,454
927,Freeman St & Southern Blvd,803
928,Front St & Gold St,2793
929,Front St & Jay St,5821
930,Front St & Washington St,3914
931,Frost St & Debevoise Ave,1088
932,Frost St & Meeker Ave,2819
933,Ft. Hamilton Pkwy & E 2 St,1139
934,Ft. Hamilton Pkwy & E 5 St,1140
935,Ft. Washington Ave & W 190 St,571
936,Fulton Ave & E 168 St,844
937,Fulton Ave & E 172 St,642
938,Fulton Ave & St. Paul's Pl,908
939,Fulton St & Adams St,10180
940,Fulton St & Broadway,10291
941,Fulton St & Clermont Ave,3568
942,Fulton St & Irving Pl,4141
943,Fulton St & Pearl St,290
944,Fulton St & Saratoga Ave,70
945,Fulton St & Utica Ave,3772
946,Fulton St & Waverly Ave,6117
947,Fulton St & William St,7648
948,Gansevoort St & Hudson St,8101
949,Garfield Pl & 8 Ave,4715
950,Garrison Ave & Manida St,250
951,George St & Wilson Ave,2349
952,Gerard Ave & E 146 St,602
953,Gerard Ave & E 164 St,466
954,Gerard Ave & E 165 St,498
955,Gerard Ave & McClellan St,372
956,Goble Pl & Macombs Rd,884
957,Goulden Ave & Bedford Park Blvd W,321
958,Goulden Ave & W 197 St,532
959,Goulden Ave & W 205 St,496
960,Graham Ave & Conselyea St,7965
961,Graham Ave & Grand St,6190
962,Graham Ave & Herbert St,2141
963,Graham Ave & Withers St,3675
964,Gramercy Park N & Gramercy Park E,2459
965,Grand Army Plaza & Central Park S,20049
966,Grand Army Plaza & Plaza St West,6545
967,Grand Ave & Bergen St,4249
968,Grand Ave & W 181 St,481
969,Grand Ave & W Fordham Rd,418
970,Grand Concourse & E 144 St,1384
971,Grand Concourse & E 156 St,904
972,Grand Concourse & E 161 St,2406
973,Grand Concourse & E 164 St,1324
974,Grand Concourse & E 166 St,1925
975,Grand Concourse & E 167 St,1796
976,Grand Concourse & E 171 St,1001
977,Grand Concourse & E 175 St,511
978,Grand Concourse & E 192 St,554
979,Grand Concourse & E 196 St,754
980,Grand Concourse & E 197 St,650
981,Grand Concourse & E 199 St,449
982,Grand Concourse & E 203 St,329
983,Grand Concourse & E 205 St,371
984,Grand Concourse & E Mosholu Pkwy S,308
985,Grand Concourse & East Mount Eden Ave,1243
986,Grand St & Elizabeth St,16809
987,Grand St & Greene St,7497
988,Grand St & Havemeyer St,8353
989,Grand St & Samuel Dickstein Plaza,7554
990,Grant Ave & E 169 St,2173
991,Great Jones St,14652
992,Green St & McGuinness Blvd,1176
993,Greene Av & Myrtle Av,2362
994,Greene Ave & Grandview Ave,1508
995,Greene Ave & Nostrand Ave,4090
996,Greene Ave & Throop Ave,3930
997,Greene St & Prince St,6925
998,Greenpoint Ave & 47 St,763
999,Greenpoint Ave & Manhattan Ave,6722
1000,Greenwich Ave & 8 Ave,14118
1001,Greenwich Ave & Charles St,8173
1002,Greenwich St & Hubert St,6691
1003,Greenwich St & Perry St,8390
1004,Greenwich St & Rector St,2855
1005,Greenwich St & W Houston St,12141
1006,Greenwood Ave & E 4 St,743
1007,Grove St & Broadway,3736
1008,Halsey St & Broadway,2203
1009,Halsey St & Evergreen Ave,869
1010,Halsey St & Ralph Ave,147
1011,Halsey St & Tompkins Ave,3451
1012,Hamilton Pl & W 138 St,1008
1013,Hamilton Pl & W 140 St,1369
1014,Hancock St & Bedford Ave,3992
1015,Hancock St & Malcolm X Blvd,438
1016,Hancock St & Stuyvesant Ave,324
1017,Hancock St & Wyckoff Ave,950
1018,Hanson Pl & Ashland Pl,12398
1019,Harlem River Dr & W 155 St,771
1020,Harman St & Seneca Ave,1188
1021,Harrison Pl & Porter Ave,1108
1022,Harrison St & Hudson St,3840
1023,Hart St & Wyckoff Ave,1386
1024,Hazen St & 20 Ave,644
1025,Henry St & Atlantic Ave,6187
1026,Henry St & Bay St,714
1027,Henry St & Degraw St,4593
1028,Henry St & Grand St,13104
1029,Henry St & Middagh St,3275
1030,Henry St & Remsen St,3268
1031,Henry St & W 9 St,546
1032,Herkimer St & Eastern Pkwy,6
1033,Herkimer St & New York Ave,134
1034,Hicks St & Montague St,5949
1035,Hoe Ave & Jennings St,538
1036,Home St & Westchester Ave,879
1037,Hope St & Union Ave,7974
1038,Howard St & Lafayette St,8797
1039,Hoyt St & Warren St,834
1040,Hudson Blvd E & W 36 St,3762
1041,Hudson St & N Moore St,1237
1042,Hudson St & Reade St,8735
1043,Hudson St & W 13 St,12679
1044,Humboldt St & Varet St,2166
1045,Hunts Point Ave & Bryant Ave,351
1046,Huron St & Franklin St,6921
1047,Icahn Stadium,1964
1048,India St & Manhattan Ave,6713
1049,India St Pier,4470
1050,Intervale Ave & Kelly St,391
1051,Intervale Ave & Westchester Ave,591
1052,Inwood Ave & W 170 St,317
1053,Irving Ave & DeKalb Ave,2381
1054,Irving Ave & Halsey St,1659
1055,Irving Ave & Harman St,2161
1056,Irving Ave & Jefferson St,3062
1057,Irving Ave & Palmetto St,1399
1058,Isham St & Broadway,1365
1059,Jackson Ave & 46 Rd,5386
1060,Jackson St & Leonard St,2099
1061,Jay St & Tech Pl,6302
1062,Jay St & York St,6744
1063,Jefferson Ave & Evergreen Ave,1528
1064,Jefferson St & Cypress Ave,2131
1065,Jerome Ave & Anderson Ave,407
1066,Jerome Ave & Bedford Park Blvd E,839
1067,Jerome Ave & E 164 St,549
1068,Jerome Ave & E 181 St,409
1069,Jerome Ave & E 198 St,178
1070,Jerome Ave & E Mosholu Parkway S,912
1071,Jerome Ave & Ogden Ave,583
1072,Jerome Ave & W 177 St,404
1073,Jerome Ave & W 184 St,327
1074,Jerome Ave & W 193 St,945
1075,Jerome Ave & W 195 St,672
1076,Jerome Ave & W Fordham Rd,865
1077,John St & William St,5647
1078,Johnson St & Gold St,4085
1079,Kane St & Clinton St,3447
1080,Keegan Rd & 2 Ave,56
1081,Kenmare St & Elizabeth St,9099
1082,Kent Ave & Division Ave,3856
1083,Kent Ave & N 7 St,14788
1084,Kent Ave & S 11 St,833
1085,Kent St & McGuinness Blvd,1257
1086,King St & Varick St,8314
1087,Kingsland Ave & Nassau Ave,5519
1088,Kingston Ave & Herkimer St,4254
1089,Kingston Ave & Park Pl,127
1090,Knickerbocker Ave & Cooper St,864
1091,Knickerbocker Ave & George St,2814
1092,Knickerbocker Ave & Halsey St,1921
1093,Knickerbocker Ave & Hancock St,671
1094,Knickerbocker Ave & Moffat St,245
1095,Knickerbocker Ave & Thames St,2374
1096,Kosciuszko St & Nostrand Ave,3367
1097,Kosciuszko St & Tompkins Ave,4266
1098,LaGuardia Pl & W 3 St,12132
1099,Lab - NYC,17
1100,Lafayette Ave & Classon Ave,5060
1101,Lafayette Ave & Ft Greene Pl,8499
1102,Lafayette Ave & Hunts Point Ave,581
1103,Lafayette Ave & St James Pl,5515
1104,Lafayette Ave & Stuyvesant Ave,108
1105,Lafayette St & E 8 St,21891
1106,Lafayette St & Jersey St,16557
1107,Laight St & Hudson St,2414
1108,Lawrence St & Willoughby St,7781
1109,Lefferts Pl & Franklin Ave,4067
1110,Lenox Ave & W 111 St,8316
1111,Lenox Ave & W 115 St,3507
1112,Lenox Ave & W 117 St,6671
1113,Lenox Ave & W 126 St,7260
1114,Lenox Ave & W 130 St,2795
1115,Lenox Ave & W 133 St,2591
1116,Lenox Ave & W 140 St,2474
1117,Lenox Ave & W 144 St,1606
1118,Lenox Ave & W 146 St,1157
1119,Leonard St & Boerum St,2836
1120,Leonard St & Church St,8216
1121,Leonard St & Maujer St,5380
1122,Leonard St & Nassau Ave,6211
1123,Lewis Ave & Decatur St,2761
1124,Lewis Ave & Greene Ave,486
1125,Lewis Ave & Kosciuszko St,3451
1126,Lewis Ave & Madison St,4748
1127,Lexington Ave & Classon Ave,4939
1128,Lexington Ave & E 111 St,5414
1129,Lexington Ave & E 120 St,2820
1130,Lexington Ave & E 127 St,1492
1131,Lexington Ave & E 128 St,922
1132,Lexington Ave & E 24 St,15200
1133,Lexington Ave & E 26 St,8249
1134,Lexington Ave & E 29 St,10109
1135,Lexington Ave & E 36 St,10001
1136,Lexington Ave & Stuyvesant Ave,4
1137,Liberty St & Broadway,1098
1138,Liberty St & Nassau St,5803
1139,Lincoln Ave & E 134 St,974
1140,Lincoln Ave & E 138 St,2075
1141,Lincoln Pl & Classon Ave,3141
1142,Lincoln Pl & Nostrand Ave,2
1143,Linden St & Knickerbocker Ave,880
1144,Lispenard St & Broadway,8849
1145,Little West St & 1 Pl,11796
1146,Longfellow Ave & E 165 St,433
1147,Longwood Ave & Southern Blvd,682
1148,Lorimer St & Broadway,1662
1149,Loring Pl North & W 183 St,401
1150,Louis Nine Blvd & Intervale Ave,499
1151,MacDonough St & Malcolm X Blvd,81
1152,MacDonough St & Marcy Ave,150
1153,MacDougal St & Prince St,12409
1154,MacDougal St & Rockaway Ave,60
1155,MacDougal St & Washington Sq,9331
1156,Macombs Pl & W 152 St,1084
1157,Macombs Rd & Featherbed Ln,798
1158,Macombs Rd & W 175 St,680
1159,Macon St & Howard Ave,43
1160,Macon St & Lewis Ave,70
1161,Macon St & Nostrand Ave,5143
1162,Macon St & Patchen Ave,52
1163,Madison Av & E 51 St,9155
1164,Madison Ave & E 120 St,3042
1165,Madison Ave & E 26 St,10333
1166,Madison Ave & E 82 St,8110
1167,Madison Ave & E 99 St,5307
1168,Madison St & Clinton St,3551
1169,Madison St & Cypress Ave,1227
1170,Madison St & Evergreen Ave,1435
1171,Madison St & Forest Ave,1631
1172,Madison St & Malcolm X Blvd,306
1173,Madison St & Montgomery St,5133
1174,Madison St & Seneca Ave,1101
1175,Madison St & Woodward Ave,1528
1176,Maiden Ln & Pearl St,5120
1177,Main St & Plymouth St,323
1178,Malcolm X Blvd & DeKalb Ave,318
1179,Manhattan Av & Leonard St,2154
1180,Marcus Garvey Blvd & Macon St,2999
1181,Marcy Ave & Lafayette Ave,3706
1182,Margaret Corbin Plz & Ft Washington Ave,818
1183,Marion Ave & Mosholu Pkwy,535
1184,Market St & Cherry St,4660
1185,Market St & Henry St,7153
1186,McDonald Ave & Vanderbilt St,460
1187,McGuinness Blvd & Eagle St,6566
1188,McKibbin St & Bogart St,3571
1189,McKibbin St & Manhattan Ave,3122
1190,Melrose Ave & E 150 St,3188
1191,Melrose Ave & E 154 St,728
1192,Melrose St & Broadway,4140
1193,Menahan St & Central Ave,1341
1194,Menahan St & Onderdonk Ave,1255
1195,Menahan St & Seneca Ave,871
1196,Menahan St & Wyckoff Ave,1129
1197,Mercer St & Bleecker St,9255
1198,Mercer St & Spring St,9665
1199,Meserole Ave & Manhattan Ave,7239
1200,Metropolitan Ave & Bedford Ave,14098
1201,Metropolitan Ave & Meeker Ave,6669
1202,Metropolitan Ave & Stewart Ave,1000
1203,Metropolitan Ave & Vandervoort Ave,565
1204,Milton St & Franklin St,10061
1205,Moffat St & Bushwick,856
1206,Monroe St & Bedford Ave,5755
1207,Monroe St & Classon Ave,2713
1208,Monroe St & Marcus Garvey Blvd,253
1209,Monroe St & Patchen Ave,255
1210,Monroe St & Tompkins Ave,4615
1211,Montague St & Clinton St,5768
1212,Montgomery St & Franklin Ave,1009
1213,Montrose Ave & Bushwick Ave,6573
1214,Morgan Ave & Lombardy St,2848
1215,Morgan Ave & Maspeth Ave,1375
1216,Morgan Bike Mechanics,5
1217,Morgan Loading Docks,36
1218,Morgan WH station,47
1219,Morningside Ave & W 123 St,3691
1220,Morningside Dr & Amsterdam Ave,1792
1221,Morris Ave & E 142 St,1145
1222,Morris Ave & E 153 St,664
1223,Morris Ave & E 163 St,1698
1224,Morris Ave & E 171 St,314
1225,Morris Ave & E 184 St,378
1226,Morris Ave & E Burnside Ave,632
1227,Morris Ave & McClellan St,1132
1228,Morton St & Washington St,7408
1229,Morton St & West St,2315
1230,Motorgate,4482
1231,Mott St & Prince St,13238
1232,Mount Eden Pkwy & Eastburn Ave,534
1233,Mt Morris Park W & W 120 St,3694
1234,Murray St	& West St,24
1235,Murray St & Greenwich St,10193
1236,Murray St & West St,3048
1237,Murray St\t& West St,3613
1238,Myrtle Ave & Fleet Pl,4444
1239,Myrtle Ave & Grove St,836
1240,Myrtle Ave & Lewis Ave,2815
1241,Myrtle Ave & Linden St,892
1242,Myrtle Ave & Marcy Ave,3101
1243,Myrtle Ave & St Edwards St,3173
1244,N 11 St & Kent Ave,4500
1245,N 12 St & Bedford Ave,8626
1246,N 15 St & Wythe Ave,3841
1247,N 6 St & Bedford Ave,13911
1248,N Moore St & Hudson St,3484
1249,Nagle Ave & Ellwood St,1016
1250,Nagle Ave & Thayer St,1335
1251,Nassau Ave & Newell St,3298
1252,Nassau Ave & Russell St,6421
1253,Nassau St	& Duffield St,32
1254,Nassau St & Duffield St,351
1255,Nassau St & Navy St,3029
1256,Nassau St\t& Duffield St,2385
1257,Nelson Ave & 167 St,695
1258,Nelson Ave & W 172 St,1584
1259,Nevins St & Schermerhorn St,5205
1260,New York Ave & St Marks Ave,191
1261,Newton Rd & 44 St,1231
1262,Newtown Ave & 23 St,3049
1263,Norfolk St & Broome St,17589
1264,Norman St & Wyckoff Ave,1912
1265,North Moore St & Greenwich St,14669
1266,Nostrand Ave & Myrtle Ave,2310
1267,Ocean Pkwy & Church Ave,1599
1268,Ogden Ave & Merriam Ave,343
1269,Ogden Ave & W 164 St,593
1270,Ogden Ave & W 165 St,961
1271,Old Broadway & W 133 St,577
1272,Old Fulton St,4767
1273,Old Slip & South St,5607
1274,Onderdonk Ave & Dekalb Ave,1078
1275,Onderdonk Ave & Gates Ave,834
1276,Orchard St & Grand St,8982
1277,Pacific St & Classon Ave,1894
1278,Pacific St & Nevins St,3345
1279,Pacific St & Nostrand Ave,301
1280,Pacific St & Ralph Ave,17
1281,Pacific St & Rochester Ave,14
1282,Pacific St & Thomas S. Boyland St,8
1283,Pacific St & Troy Ave,50
1284,Pacific St & Utica Ave,31
1285,Parade Pl & Crooke Ave,6206
1286,Park Ave & E 124 St,8612
1287,Park Ave & E 162 St,958
1288,Park Ave & Marcus Garvey Blvd,2290
1289,Park Ave & St Edwards St,1778
1290,Park Cir & East Dr,3717
1291,Park Pl & Buffalo Ave,12
1292,Park Pl & Church St,5217
1293,Park Pl & Franklin Ave,3358
1294,Park Pl & Thomas S. Boyland St,11
1295,Park Pl & Utica Ave,28
1296,Patchen Ave & Bainbridge St,131
1297,Paul Ave & Mosholu Pkwy,297
1298,Paul Ave & W 205 St,463
1299,Pearl St & Hanover Square,5491
1300,Pearl St & Peck Slip,2842
1301,Pearl St & York St,428
1302,Peck Slip & South St,3517
1303,Perry St & Bleecker St,9749
1304,Perry St & Greenwich Ave,10071
1305,Picnic Point,1658
1306,Pier 40 - Hudson River Park,16405
1307,Pierrepont St & Monroe Pl,3257
1308,Pike St & E Broadway,7715
1309,Pike St & Monroe St,4669
1310,Pinehurst Ave & W 187 St,1158
1311,Pioneer St & Richards St,621
1312,Pioneer St & Van Brunt St,2242
1313,Pitt St & Stanton St,2805
1314,Plaza Dr & W 170 St,1759
1315,Plaza St East & Flatbush Ave,8677
1316,Plaza St West & Flatbush Ave,6286
1317,Pleasant Ave & E 116 St,4900
1318,Pleasant Ave & E 120 St,2840
1319,Popham Ave & W 174 St,564
1320,Powers St & Olive St,1949
1321,President St & 4 Ave,4271
1322,President St & Henry St,1548
1323,Prospect Ave & E 151 St,665
1324,Prospect Ave & E 167 St,580
1325,Prospect Ave & Greenwood Ave,638
1326,Prospect Ave & Jennings St,360
1327,Prospect Ave & Longwood Ave,553
1328,Prospect Ave & Vanderbilt St,675
1329,Prospect Park SW & 10 Ave,2516
1330,Prospect Park SW & 16 St,2459
1331,Prospect Park SW & Greenwood Ave,2147
1332,Prospect Park SW & Vanderbilt St,2297
1333,Prospect Park W & 20 St,1251
1334,Prospect Park West & 8 St,6413
1335,Prospect Pl & 6 Ave,3723
1336,Prospect Pl & Howard Ave,20
1337,Prospect Pl & Nostrand Ave,297
1338,Prospect Pl & Underhill Ave,4401
1339,Prospect Pl & Vanderbilt Ave,2014
1340,Pulaski St & Marcus Garvey Blvd,2988
1341,Putnam Ave & Knickerbocker Ave,1332
1342,Putnam Ave & Nostrand Ave,2078
1343,Putnam Ave & Ralph Ave,295
1344,Putnam Ave & Throop Ave,3750
1345,Putnam Ave & Wyckoff Ave,1107
1346,Queens Blvd & 56 St,299
1347,Queens Plaza North & Crescent St,10700
1348,Railroad Ave & Kay Ave,417
1349,Ralph Ave & Fulton St,77
1350,Reade St & Broadway,6679
1351,Richards St & Delavan St,962
1352,Richardson St & N Henry St,3317
1353,River Ave & E 151 St,2175
1354,River Ave & E 153 St,810
1355,River Ave & McClellan St,716
1356,River Ter & Warren St,4684
1357,Riverside Blvd & W 67 St,12741
1358,Riverside Dr & Broadway,618
1359,Riverside Dr & W 104 St,6810
1360,Riverside Dr & W 138 St,2286
1361,Riverside Dr & W 145 St,1698
1362,Riverside Dr & W 148 St,1170
1363,Riverside Dr & W 153 St,1747
1364,Riverside Dr & W 72 St,10311
1365,Riverside Dr & W 78 St,4320
1366,Riverside Dr & W 82 St,7310
1367,Riverside Dr & W 91 St,5845
1368,Rivington St & Chrystie St,9287
1369,Rivington St & Ridge St,10809
1370,Rockaway Ave & Bainbridge St,2281
1371,Roebling St & N 4 St,6903
1372,Rogers Ave & Sterling St,3622
1373,Rogers Pl & E 165 St,378
1374,Roosevelt Island Tramway,4929
1375,Rutgers St & Henry St,5539
1376,Ryer Ave & E 182 St,360
1377,S 3 St & Bedford Ave,10910
1378,S 4 St & Rodney St,6315
1379,S 4 St & Wythe Ave,14620
1380,S 5 Pl & S 5 St,13109
1381,S Portland Ave & Hanson Pl,4537
1382,Sands St & Jay St,5407
1383,Sands St Gate,4154
1384,Schenectady Ave & Prospect Pl,63
1385,Schermerhorn St & Bond St,5014
1386,Schermerhorn St & Court St,5264
1387,Schermerhorn St & Hoyt St,1752
1388,Scholes St & Manhattan Ave,6977
1389,Seaman Ave & Beak St,1007
1390,Seaman Ave & Isham St,1004
1391,Sedgwick Ave & Hall of Fame Tce,97
1392,Sedgwick Ave & W Burnside Ave,274
1393,Sedgwick Ave & W Tremont Ave,454
1394,Seneca Ave & Irvine St,213
1395,Shakespeare Ave & W 169 St,1089
1396,Sharon St & Olive St,2548
1397,Sheridan Ave & E 168 St,1473
1398,Sheridan Ave & E 172 St,752
1399,Sherman Ave & E 166 St,1648
1400,Sherman Ave & Thayer St,843
1401,Shore Blvd & Astoria Park,2123
1402,Sigourney St & Columbia St,1335
1403,Skillman Ave & 32 Pl,7
1404,Skillman Ave & 43 Ave,681
1405,Skillman Ave & 54 St,242
1406,Skillman Ave & Honeywell St,226
1407,Smith St & 3 St,3532
1408,Smith St & 9 St,3657
1409,Soissons Landing,3742
1410,Somers St & Broadway,309
1411,Somers St & Rockaway Ave,57
1412,South St & Broad St,702
1413,South St & Gouverneur Ln,9388
1414,South St & Pike St,5500
1415,South St & Whitehall St,8724
1416,Southern Blvd & Avenue St. John,504
1417,Southern Blvd & E 142 St,287
1418,Southern Blvd & E 149 St,1136
1419,Southern Blvd & E 172 St,395
1420,Southern Blvd & E 174 St,1160
1421,Southern Blvd & E 175 St,1128
1422,Southern Blvd & Tiffany St,291
1423,Southpoint Park,2230
1424,Spring St & Hudson St,11476
1425,Spruce St & Gold St,3097
1426,Spruce St & Nassau St,7739
1427,St Ann's Ave & Westchester Ave,931
1428,St James Pl & Oliver St,7559
1429,St James Pl & Pearl St,3771
1430,St Johns Pl & Utica Ave,66
1431,St Johns Pl & Washington Ave,4985
1432,St Marks Ave & Ralph Ave,11
1433,St Marks Ave & Rochester Ave,23
1434,St Marks Pl & 1 Ave,10556
1435,St Marks Pl & 2 Ave,14553
1436,St Marks Pl & 4 Ave,3598
1437,St Mary's St & Jackson Ave,903
1438,St Nicholas Ave & Manhattan Ave,7597
1439,St Nicholas Ave & W 134 St,3124
1440,St Nicholas Ave & W 137 St,1751
1441,St Nicholas Ave & W 150 St,1528
1442,St. Ann's Av & Bruckner Blvd,752
1443,St. Ann's Ave & E 144 St,714
1444,St. Johns Pl & Kingston Ave,83
1445,St. Nicholas Ave & W 126 St,7025
1446,St. Nicholas Ave & W 155 St,863
1447,St. Nicholas Ave & W 157 St,749
1448,St. Nicholas Terrace & Convent Ave,1483
1449,Stagg St & Morgan Ave,1974
1450,Stagg St & Union Ave,7118
1451,Stanhope St & Fairview Ave,1499
1452,Stanton St & Chrystie St,10843
1453,Stanton St & Mangin St,3885
1454,Stanton St & Norfolk St,10645
1455,State St & Smith St,3781
1456,Steinway St & 19 Ave,338
1457,Steinway St & 21 Ave,1349
1458,Steinway St & 23 Ave,1352
1459,Steinway St & 28 Ave,3122
1460,Steinway St & Broadway,5416
1461,Steinway St & Ditmars Blvd,1194
1462,Stephen St & Seneca Ave,440
1463,Sterling Pl & 5 Ave,3741
1464,Sterling Pl & Bedford Ave,5420
1465,Sterling Pl & New York Ave,186
1466,Sterling Pl & Ralph Ave,5
1467,Sterling Pl & Rochester Ave,11
1468,Sterling Pl & Schenectady Ave,22
1469,Sterling St & Bedford Ave,2331
1470,Stewart Ave & Johnson Ave,1503
1471,Stockholm St & Wilson Ave,2789
1472,Stuyvesant Ave & Gates Ave,280
1473,Stuyvesant Ave & Hart St,93
1474,Stuyvesant Walk & 1 Av Loop,1259
1475,Suffolk St & Stanton St,15043
1476,Sullivan Pl & Bedford Ave,1018
1477,Sullivan Pl & Franklin Ave,2033
1478,Sullivan St & Washington Sq,12709
1479,Sumpter St & Fulton St,155
1480,Sunken Meadow Comfort Station,1349
1481,Suydam St & Broadway,3908
1482,Suydam St & Knickerbocker Ave,3393
1483,Suydam St & St. Nicholas Ave,1089
1484,Thomas S. Boyland St & Fulton St,104
1485,Thomas S. Boyland St & Macon St,112
1486,Thomas S. Boyland St & Marion St,79
1487,Thompson St & Bleecker St,12013
1488,Throop Ave & Myrtle Ave,2334
1489,Tiebout Ave & E 184 St,687
1490,Tiebout Ave & E Fordham Road,1309
1491,Tinton Ave & E 165 St,793
1492,Tompkins Ave & Hopkins St,2046
1493,Townsend Ave & E 175 St,316
1494,Troy Ave & Park Pl,6
1495,Troy Ave & Sterling Pl,33
1496,Underhill Ave & Lincoln Pl,4400
1497,Underhill Ave & Pacific St,3564
1498,Union Ave & E 169 St,487
1499,Union Ave & Jackson St,3637
1500,Union Ave & N 12 St,6654
1501,Union Ave & Wallabout St,2583
1502,Union St & 4 Ave,4248
1503,Union St & Bedford Ave,3269
1504,Union St & Nevins St,2768
1505,University Ave & Brandt Pl,436
1506,University Ave & Macombs Rd,656
1507,University Ave & W 168 St,354
1508,University Ave & W Burnside Ave,559
1509,University Pl & E 14 St,24476
1510,University Pl & E 8 St,12806
1511,Valentine Ave & E 181 St,630
1512,Valentine Ave & E 183 St,419
1513,Van Brunt St & Van Dyke St,2775
1514,Van Brunt St & Wolcott St,2657
1515,Van Buren St & Broadway,1655
1516,Van Dam St & Greenpoint Ave,443
1517,Van Dam St & Review Ave,17
1518,Van Sinderen Ave & Atlantic Ave,75
1519,Van Sinderen Ave & Truxton St,1311
1520,Vernon Blvd & 10 St,2562
1521,Vernon Blvd & 30 Rd,150
1522,Vernon Blvd & 31 Ave,2686
1523,Vernon Blvd & 41 Rd,1006
1524,Vernon Blvd & 47 Rd,3074
1525,Vernon Blvd & 50 Ave,7941
1526,Vernon Blvd & Queens Plaza S,101
1527,Verona Pl & Fulton St,2951
1528,Vesey Pl & River Terrace,15946
1529,Vesey St & Church St,14812
1530,W 10 St & Washington St,7123
1531,W 100 St & Broadway,9630
1532,W 100 St & Manhattan Ave,8050
1533,W 104 St & Amsterdam Ave,4691
1534,W 106 St & Amsterdam Ave,5993
1535,W 106 St & Central Park West,9070
1536,W 107 St & Columbus Ave,4601
1537,W 11 St & 6 Ave,11361
1538,W 110 St & Amsterdam Ave,6910
1539,W 111 St & 5 Ave,4783
1540,W 113 St & Broadway,6014
1541,W 116 St & Amsterdam Ave,5363
1542,W 116 St & Broadway,5513
1543,W 12 St & Hudson St,10033
1544,W 120 St & Claremont Ave,3440
1545,W 129 St & Convent Ave,1716
1546,W 13 St & 5 Ave,15748
1547,W 13 St & 7 Ave,11784
1548,W 133 St & 12 Ave,1477
1549,W 135 St & Lenox Terrace Pl,1934
1550,W 140 St & Riverside Dr,744
1551,W 144 St & Adam Clayton Powell Blvd,1826
1552,W 145 St & Amsterdam Ave,1401
1553,W 146 St & Broadway,1997
1554,W 147 St & Adam Clayton Powell Blvd,1548
1555,W 148 St & Amsterdam Ave,1656
1556,W 15 St & 10 Ave,8676
1557,W 15 St & 6 Ave,17652
1558,W 15 St & 7 Ave,14421
1559,W 155 St & Frederick Douglass Blvd,1087
1560,W 159 St & Edgecombe Ave,464
1561,W 16 St & The High Line,14546
1562,W 160 St & St. Nicholas Ave,1338
1563,W 163 St & Edgecombe Ave,473
1564,W 163 St & Riverside Dr,754
1565,W 165 St & Fort Washington Ave,1419
1566,W 168th S & Fort Washington Ave,2571
1567,W 17 St & 7 Ave,2012
1568,W 17 St & 8 Ave,11356
1569,W 170 St & University Ave,794
1570,W 171 St & St. Nicholas Ave,1192
1571,W 176 St & Montgomery Ave,575
1572,W 18 St & 6 Ave,16722
1573,W 18 St & 9 Ave,2644
1574,W 180 St & Ft Washington Ave,1688
1575,W 181 St & Riverside Dr,2061
1576,W 186 St & St. Nicholas Ave,803
1577,W 190 St & Broadway,824
1578,W 190 St & St. Nicholas Ave,226
1579,W 192 St & University Ave,666
1580,W 20 St & 10 Ave,17705
1581,W 20 St & 7 Ave,15504
1582,W 20 St & 8 Ave,13664
1583,W 204 St & Nagle Ave,545
1584,W 204 St & Vermilyea Ave,703
1585,W 21 St & 6 Ave,32391
1586,W 211 St & 10 Ave,222
1587,W 212 St & 10 Ave,95
1588,W 218 St & Broadway,494
1589,W 218 St & Indian Rd,470
1590,W 22 St & 10 Ave,20784
1591,W 22 St & 8 Ave,15530
1592,W 225 St & Exterior St,1499
1593,W 24 St & 7 Ave,12395
1594,W 25 St & 6 Ave,16348
1595,W 26 St & 10 Ave,12322
1596,W 26 St & 8 Ave,16604
1597,W 27 St & 7 Ave,16397
1598,W 29 St & 9 Ave,12907
1599,W 30 St & 10 Ave,18222
1600,W 30 St & 8 Ave,8812
1601,W 31 St & 7 Ave,23584
1602,W 33 St & 10 Ave,7654
1603,W 33 St & 7 Ave,1259
1604,W 34 St &	Hudson Blvd E,216
1605,W 34 St & 11 Ave,12983
1606,W 34 St & Hudson Blvd E,1890
1607,W 34 St &\tHudson Blvd E,9718
1608,W 35 St & 8 Ave,5477
1609,W 35 St & 9 Ave,8699
1610,W 35 St & Dyer Ave,4555
1611,W 36 St & 7 Ave,8882
1612,W 36 St & 9 Ave,9734
1613,W 37 St & 10 Ave,12628
1614,W 37 St & 5 Ave,9388
1615,W 37 St & Broadway,3285
1616,W 38 St & 9 Ave,196
1617,W 39 St & 9 Ave,3688
1618,W 4 St & 7 Ave S,17315
1619,W 40 St & 5 Ave,7334
1620,W 40 St & 7 Ave,4472
1621,W 40 St & 8 Ave,2
1622,W 41 St & 8 Ave,18904
1623,W 42 St & 6 Ave,17010
1624,W 42 St & 8 Ave,13315
1625,W 42 St & Dyer Ave,10461
1626,W 43 St & 10 Ave,18122
1627,W 44 St & 11 Ave,16077
1628,W 44 St & 5 Ave,13632
1629,W 45 St & 8 Ave,12032
1630,W 46 St & 11 Ave,8091
1631,W 47 St & 10 Ave,12850
1632,W 47 St & 6 Ave,7565
1633,W 47 St & 9 Ave,2215
1634,W 48 St &  Rockefeller Plaza,6869
1635,W 49 St & 8 Ave,12886
1636,W 50 St & 10 Ave,12006
1637,W 50 St & 9 Ave,9558
1638,W 51 St & 6 Ave,11816
1639,W 51 St & Rockefeller Plaza,7668
1640,W 52 St & 11 Ave,4004
1641,W 52 St & 6 Ave,8480
1642,W 53 St & 10 Ave,12263
1643,W 54 St & 11 Ave,17021
1644,W 54 St & 9 Ave,12207
1645,W 55 St & 6 Ave,10827
1646,W 56 St & 10 Ave,7808
1647,W 56 St & 6 Ave,9628
1648,W 56 St & 8 Ave,8646
1649,W 59 St & 10 Ave,13114
1650,W 63 St & Broadway,13553
1651,W 64 St & Thelonious Monk Circle,11049
1652,W 67 St & Broadway,12578
1653,W 70 St & Amsterdam Ave,13816
1654,W 74 St & Columbus Ave,6908
1655,W 76 St & Columbus Ave,8478
1656,W 82 St & Central Park West,8135
1657,W 84 St & Broadway,7519
1658,W 84 St & Columbus Ave,10046
1659,W 87 St & Amsterdam Ave,7372
1660,W 87 St & West End Ave,6640
1661,W 89 St & Columbus Ave,8368
1662,W 90 St & Amsterdam Ave,5371
1663,W 92 St & Broadway,6121
1664,W 95 St & Broadway,9200
1665,W Broadway & Spring St,7051
1666,W Broadway & W Houston St,6568
1667,W Burnside Ave & University Ave,518
1668,W Fordham Rd & Loring Pl N,626
1669,W Mosholu Pkwy S & Sedgwick Ave,686
1670,W Tremont Ave & Grand Ave,379
1671,W Tremont Ave & Matthewson Rd,376
1672,W Tremont Ave & Montgomery Ave,572
1673,Wadsworth Ave & W 175 St,1270
1674,Wadsworth Ave & W 179 St,2186
1675,Wakeman Pl & Ridge Blvd,786
1676,Wales Ave & E 147 St,871
1677,Walker St & Baxter St,6248
1678,Walnut Ave & E 136 St,364
1679,Walton Ave & E 153 St,634
1680,Walton Ave & E 168 St,970
1681,Walton Ave & E 171 St,1190
1682,Walton Ave & E 183 St,604
1683,Wards Meadow Comfort Station,3845
1684,Warren St & Court St,3272
1685,Warren St & Smith St,4272
1686,Warren St & W Broadway,6901
1687,Washington Ave & E 163 St,1457
1688,Washington Ave & E 167 St,700
1689,Washington Ave & E 174 St,299
1690,Washington Ave & Greene Ave,4254
1691,Washington Ave & Park Ave,5073
1692,Washington Park,4388
1693,Washington Pl & 6 Ave,12286
1694,Washington Pl & Broadway,11520
1695,Washington Square E,13317
1696,Washington St & Barrow St,6232
1697,Washington St & Gansevoort St,16382
1698,Washington St & Laight St,4751
1699,Water St &  Fletcher St,7559
1700,Water St & Gouverneur Ln,5287
1701,Water St & Main St,6962
1702,Waterbury St & Stagg St,2512
1703,Waterloo Pl & Crotona Park East,391
1704,Watts St & Greenwich St,5979
1705,Webb Ave & W 190 St,348
1706,Webster Ave & E 166 St,497
1707,Webster Ave & Ford St,531
1708,Weeks Ave & E 175 St,508
1709,West Broadway & Watts St,6379
1710,West Drive & Prospect Park West,11277
1711,West End Ave & W 107 St,5597
1712,West End Ave & W 60 St,16341
1713,West End Ave & W 78 St,5723
1714,West End Ave & W 94 St,4736
1715,West Farms Rd & Boone Ave,106
1716,West St & Chambers St,30774
1717,West St & Liberty St,21874
1718,West Thames St,11017
1719,Westchester Ave & E 156 St,875
1720,Westchester Ave & Jackson Ave,1141
1721,Westchester Ave & Longwood Ave,1072
1722,Westchester Ave & Southern Blvd,1285
1723,White St & Johnson Ave,829
1724,White St & Moore St,2276
1725,Whitehall St & Bridge St,469
1726,Wilkins Ave & Crotona Park E,672
1727,William St & Pine St,7479
1728,Willis Ave & Bruckner Blvd,1058
1729,Willis Ave & E 137 St,1745
1730,Willis Ave & E 141 St,1305
1731,Willis Ave & E 143 St,892
1732,Willoughby Ave & Hall St,6716
1733,Willoughby Ave & Myrtle Ave,3767
1734,Willoughby Ave & Onderdonk Ave,1336
1735,Willoughby Ave & Tompkins Ave,4009
1736,Willoughby Ave & Walworth St,3200
1737,Willoughby Ave & Wyckoff Ave,2961
1738,Willoughby St & Ashland Pl,1721
1739,Willoughby St & Fleet St,6285
1740,Willow Ave & E 133 St,597
1741,Wilson Ave & Moffat St,1176
1742,Wilson Ave & Troutman St,3269
1743,Windsor Pl & 8 Ave,1630
1744,Windsor Pl & Howard Pl,2744
1745,Withers St & Kingsland Ave,1551
1746,Wolcott St & Dwight St,615
1747,Woodside Ave & 55 St,110
1748,Woodside Ave & 60 St,217
1749,Woodside Ave & 69 St,71
1750,Woodside Ave & Roosevelt Ave,254
1751,Woodward Ave & Harman St,1333
1752,Wyckoff Av & Jefferson St,3301
1753,Wyckoff Av & Stanhope St,4172
1754,Wyckoff Ave & Gates Ave,4117
1755,Wyckoff St & 3 Ave,66
1756,Wyckoff St & Nevins St,2822
1757,Wythe Ave & Metropolitan Ave,16799
1758,Yankee Ferry Terminal,3136
